Time, a, h, b, b_aux, e, g, c, d, f
0.000000, 0, 0.000000, -1.000000, -1.000000, 0, 20.100000, -0.900000, -20.900000, -20.900000
0.000000, 0, 0.000000, -1.000000, -1.000000, 0, 20.100000, -0.900000, -20.900000, -20.900000
0.100000, 2, 2.000000, -1.000000, -1.000000, 0, 20.100000, -0.900000, -20.900000, -20.900000
0.200000, 2, 2.000000, -1.000000, -1.000000, 0, 20.100000, -0.900000, -20.900000, -20.900000
0.300000, 2, 2.000000, -1.000000, -1.000000, 3, 20.100000, -0.900000, -20.900000, -20.900000
0.400000, 2, 2.000000, -1.000000, -1.000000, 3, 20.100000, -0.900000, -20.900000, -20.900000
0.500000, 3, 4.000000, 4.000000, 4.000000, 4, 20.100000, 4.100000, -15.900000, 4.000000
0.600000, 3, 4.000000, 4.000000, 4.000000, 4, 20.100000, 4.100000, -15.900000, 4.000000
