Time,o1, o2, o3
0.000000,0,0,-470.089996
0.000000,0,0,-470.089996
0.100000,0,0,-470.089996
0.200000,0,0,-470.089996
0.300000,0,3,-470.089996
0.400000,0,3,-470.089996
0.500000,0,1,30.400002
0.600000,0,1,30.400002
